player_id,player_display_name,player_position,season,week,actual_yards,years_exp,current_team,pred_v1,uncertainty_v1,ci_lower_v1,ci_upper_v1,n_games_observed,error_v1,exp_category
00-0023459,Aaron Rodgers,QB,2024,0,3897,0,PIT,239.54253494082525,11.312396212580474,220.4927908952894,255.26775145655844,66,3657.457465059175,
00-0023459,Aaron Rodgers,QB,2024,1,167,0,PIT,239.54253494082525,11.312396212580474,220.4927908952894,255.26775145655844,66,72.54253494082525,
00-0023459,Aaron Rodgers,QB,2024,2,176,0,PIT,239.54253494082525,11.312396212580474,220.4927908952894,255.26775145655844,66,63.54253494082525,
00-0023459,Aaron Rodgers,QB,2024,3,281,0,PIT,239.54253494082525,11.312396212580474,220.4927908952894,255.26775145655844,66,41.45746505917475,
00-0023459,Aaron Rodgers,QB,2024,4,225,0,PIT,239.54253494082525,11.312396212580474,220.4927908952894,255.26775145655844,66,14.542534940825249,
00-0023459,Aaron Rodgers,QB,2024,5,244,0,PIT,239.54253494082525,11.312396212580474,220.4927908952894,255.26775145655844,66,4.457465059174751,
00-0023459,Aaron Rodgers,QB,2024,6,294,0,PIT,239.54253494082525,11.312396212580474,220.4927908952894,255.26775145655844,66,54.45746505917475,
00-0023459,Aaron Rodgers,QB,2024,7,276,0,PIT,239.54253494082525,11.312396212580474,220.4927908952894,255.26775145655844,66,36.45746505917475,
00-0023459,Aaron Rodgers,QB,2024,8,233,0,PIT,239.54253494082525,11.312396212580474,220.4927908952894,255.26775145655844,66,6.542534940825249,
00-0023459,Aaron Rodgers,QB,2024,9,211,0,PIT,239.54253494082525,11.312396212580474,220.4927908952894,255.26775145655844,66,28.54253494082525,
00-0023459,Aaron Rodgers,QB,2024,10,151,0,PIT,239.54253494082525,11.312396212580474,220.4927908952894,255.26775145655844,66,88.54253494082525,
00-0023459,Aaron Rodgers,QB,2024,11,184,0,PIT,239.54253494082525,11.312396212580474,220.4927908952894,255.26775145655844,66,55.54253494082525,
00-0023459,Aaron Rodgers,QB,2024,13,185,0,PIT,239.54253494082525,11.312396212580474,220.4927908952894,255.26775145655844,66,54.54253494082525,
00-0023459,Aaron Rodgers,QB,2024,14,339,0,PIT,239.54253494082525,11.312396212580474,220.4927908952894,255.26775145655844,66,99.45746505917475,
00-0023459,Aaron Rodgers,QB,2024,15,289,0,PIT,239.54253494082525,11.312396212580474,220.4927908952894,255.26775145655844,66,49.45746505917475,
00-0023459,Aaron Rodgers,QB,2024,16,256,0,PIT,239.54253494082525,11.312396212580474,220.4927908952894,255.26775145655844,66,16.45746505917475,
00-0023459,Aaron Rodgers,QB,2024,17,112,0,PIT,239.54253494082525,11.312396212580474,220.4927908952894,255.26775145655844,66,127.54253494082525,
00-0026158,Joe Flacco,QB,2024,0,1761,0,CIN,242.20464274747818,15.1603152034929,216.4860259296891,261.8414060340597,24,1518.7953572525219,
00-0026158,Joe Flacco,QB,2024,4,168,0,CIN,242.20464274747818,15.1603152034929,216.4860259296891,261.8414060340597,24,74.20464274747818,
00-0026158,Joe Flacco,QB,2024,5,359,0,CIN,242.20464274747818,15.1603152034929,216.4860259296891,261.8414060340597,24,116.79535725252182,
00-0026158,Joe Flacco,QB,2024,6,189,0,CIN,242.20464274747818,15.1603152034929,216.4860259296891,261.8414060340597,24,53.204642747478175,
00-0026158,Joe Flacco,QB,2024,9,179,0,CIN,242.20464274747818,15.1603152034929,216.4860259296891,261.8414060340597,24,63.204642747478175,
00-0026158,Joe Flacco,QB,2024,10,272,0,CIN,242.20464274747818,15.1603152034929,216.4860259296891,261.8414060340597,24,29.795357252521825,
00-0026158,Joe Flacco,QB,2024,17,330,0,CIN,242.20464274747818,15.1603152034929,216.4860259296891,261.8414060340597,24,87.79535725252182,
00-0026498,Matthew Stafford,QB,2024,0,3762,0,LA,252.89186846609013,13.29756022768395,235.4967234037952,275.25419054723153,82,3509.1081315339097,
00-0026498,Matthew Stafford,QB,2024,1,317,0,LA,252.89186846609013,13.29756022768395,235.4967234037952,275.25419054723153,82,64.10813153390987,
00-0026498,Matthew Stafford,QB,2024,2,216,0,LA,252.89186846609013,13.29756022768395,235.4967234037952,275.25419054723153,82,36.89186846609013,
00-0026498,Matthew Stafford,QB,2024,3,221,0,LA,252.89186846609013,13.29756022768395,235.4967234037952,275.25419054723153,82,31.89186846609013,
00-0026498,Matthew Stafford,QB,2024,4,224,0,LA,252.89186846609013,13.29756022768395,235.4967234037952,275.25419054723153,82,28.89186846609013,
00-0026498,Matthew Stafford,QB,2024,5,260,0,LA,252.89186846609013,13.29756022768395,235.4967234037952,275.25419054723153,82,7.108131533909869,
00-0026498,Matthew Stafford,QB,2024,7,154,0,LA,252.89186846609013,13.29756022768395,235.4967234037952,275.25419054723153,82,98.89186846609013,
00-0026498,Matthew Stafford,QB,2024,8,279,0,LA,252.89186846609013,13.29756022768395,235.4967234037952,275.25419054723153,82,26.10813153390987,
00-0026498,Matthew Stafford,QB,2024,9,298,0,LA,252.89186846609013,13.29756022768395,235.4967234037952,275.25419054723153,82,45.10813153390987,
00-0026498,Matthew Stafford,QB,2024,10,293,0,LA,252.89186846609013,13.29756022768395,235.4967234037952,275.25419054723153,82,40.10813153390987,
00-0026498,Matthew Stafford,QB,2024,11,295,0,LA,252.89186846609013,13.29756022768395,235.4967234037952,275.25419054723153,82,42.10813153390987,
00-0026498,Matthew Stafford,QB,2024,12,243,0,LA,252.89186846609013,13.29756022768395,235.4967234037952,275.25419054723153,82,9.89186846609013,
00-0026498,Matthew Stafford,QB,2024,13,183,0,LA,252.89186846609013,13.29756022768395,235.4967234037952,275.25419054723153,82,69.89186846609013,
00-0026498,Matthew Stafford,QB,2024,14,320,0,LA,252.89186846609013,13.29756022768395,235.4967234037952,275.25419054723153,82,67.10813153390987,
00-0026498,Matthew Stafford,QB,2024,15,160,0,LA,252.89186846609013,13.29756022768395,235.4967234037952,275.25419054723153,82,92.89186846609013,
00-0026498,Matthew Stafford,QB,2024,16,110,0,LA,252.89186846609013,13.29756022768395,235.4967234037952,275.25419054723153,82,142.89186846609013,
00-0026498,Matthew Stafford,QB,2024,17,189,0,LA,252.89186846609013,13.29756022768395,235.4967234037952,275.25419054723153,82,63.89186846609013,
00-0027973,Andy Dalton,QB,2024,0,989,0,CAR,198.55338380186888,10.897006809814167,185.05294993662048,218.88905428231186,32,790.4466161981311,
00-0027973,Andy Dalton,QB,2024,3,319,0,CAR,198.55338380186888,10.897006809814167,185.05294993662048,218.88905428231186,32,120.44661619813112,
00-0027973,Andy Dalton,QB,2024,4,220,0,CAR,198.55338380186888,10.897006809814167,185.05294993662048,218.88905428231186,32,21.446616198131125,
00-0027973,Andy Dalton,QB,2024,5,136,0,CAR,198.55338380186888,10.897006809814167,185.05294993662048,218.88905428231186,32,62.553383801868875,
00-0027973,Andy Dalton,QB,2024,6,221,0,CAR,198.55338380186888,10.897006809814167,185.05294993662048,218.88905428231186,32,22.446616198131125,
00-0027973,Andy Dalton,QB,2024,7,93,0,CAR,198.55338380186888,10.897006809814167,185.05294993662048,218.88905428231186,32,105.55338380186888,
00-0029263,Russell Wilson,QB,2024,0,2482,0,NYG,234.192400060795,13.466765580695894,213.44986911165245,253.5269172905541,70,2247.807599939205,
00-0029263,Russell Wilson,QB,2024,7,264,0,NYG,234.192400060795,13.466765580695894,213.44986911165245,253.5269172905541,70,29.807599939205005,
00-0029263,Russell Wilson,QB,2024,8,278,0,NYG,234.192400060795,13.466765580695894,213.44986911165245,253.5269172905541,70,43.807599939205005,
00-0029263,Russell Wilson,QB,2024,10,195,0,NYG,234.192400060795,13.466765580695894,213.44986911165245,253.5269172905541,70,39.192400060794995,
00-0029263,Russell Wilson,QB,2024,11,205,0,NYG,234.192400060795,13.466765580695894,213.44986911165245,253.5269172905541,70,29.192400060794995,
00-0029263,Russell Wilson,QB,2024,12,270,0,NYG,234.192400060795,13.466765580695894,213.44986911165245,253.5269172905541,70,35.807599939205005,
00-0029263,Russell Wilson,QB,2024,13,414,0,NYG,234.192400060795,13.466765580695894,213.44986911165245,253.5269172905541,70,179.807599939205,
00-0029263,Russell Wilson,QB,2024,14,158,0,NYG,234.192400060795,13.466765580695894,213.44986911165245,253.5269172905541,70,76.192400060795,
00-0029263,Russell Wilson,QB,2024,15,128,0,NYG,234.192400060795,13.466765580695894,213.44986911165245,253.5269172905541,70,106.192400060795,
00-0029263,Russell Wilson,QB,2024,16,217,0,NYG,234.192400060795,13.466765580695894,213.44986911165245,253.5269172905541,70,17.192400060794995,
00-0029263,Russell Wilson,QB,2024,17,205,0,NYG,234.192400060795,13.466765580695894,213.44986911165245,253.5269172905541,70,29.192400060794995,
00-0029604,Kirk Cousins,QB,2024,0,3508,0,ATL,254.94580674406254,10.408927397746586,239.98705874684293,274.4217070368322,67,3253.0541932559377,
00-0029604,Kirk Cousins,QB,2024,1,155,0,ATL,254.94580674406254,10.408927397746586,239.98705874684293,274.4217070368322,67,99.94580674406254,
00-0029604,Kirk Cousins,QB,2024,2,241,0,ATL,254.94580674406254,10.408927397746586,239.98705874684293,274.4217070368322,67,13.945806744062537,
00-0029604,Kirk Cousins,QB,2024,3,230,0,ATL,254.94580674406254,10.408927397746586,239.98705874684293,274.4217070368322,67,24.945806744062537,
00-0029604,Kirk Cousins,QB,2024,4,238,0,ATL,254.94580674406254,10.408927397746586,239.98705874684293,274.4217070368322,67,16.945806744062537,
00-0029604,Kirk Cousins,QB,2024,5,509,0,ATL,254.94580674406254,10.408927397746586,239.98705874684293,274.4217070368322,67,254.05419325593746,
00-0029604,Kirk Cousins,QB,2024,6,225,0,ATL,254.94580674406254,10.408927397746586,239.98705874684293,274.4217070368322,67,29.945806744062537,
00-0029604,Kirk Cousins,QB,2024,7,232,0,ATL,254.94580674406254,10.408927397746586,239.98705874684293,274.4217070368322,67,22.945806744062537,
00-0029604,Kirk Cousins,QB,2024,8,276,0,ATL,254.94580674406254,10.408927397746586,239.98705874684293,274.4217070368322,67,21.054193255937463,
00-0029604,Kirk Cousins,QB,2024,9,222,0,ATL,254.94580674406254,10.408927397746586,239.98705874684293,274.4217070368322,67,32.94580674406254,
00-0029604,Kirk Cousins,QB,2024,10,306,0,ATL,254.94580674406254,10.408927397746586,239.98705874684293,274.4217070368322,67,51.05419325593746,
00-0029604,Kirk Cousins,QB,2024,11,173,0,ATL,254.94580674406254,10.408927397746586,239.98705874684293,274.4217070368322,67,81.94580674406254,
00-0029604,Kirk Cousins,QB,2024,13,245,0,ATL,254.94580674406254,10.408927397746586,239.98705874684293,274.4217070368322,67,9.945806744062537,
00-0029604,Kirk Cousins,QB,2024,14,344,0,ATL,254.94580674406254,10.408927397746586,239.98705874684293,274.4217070368322,67,89.05419325593746,
00-0029604,Kirk Cousins,QB,2024,15,112,0,ATL,254.94580674406254,10.408927397746586,239.98705874684293,274.4217070368322,67,142.94580674406254,
00-0030565,Geno Smith,QB,2024,0,4320,0,LV,226.65091172710228,13.441532319975801,209.29254288855327,252.08138708686755,55,4093.349088272898,
00-0030565,Geno Smith,QB,2024,1,171,0,LV,226.65091172710228,13.441532319975801,209.29254288855327,252.08138708686755,55,55.65091172710228,
00-0030565,Geno Smith,QB,2024,2,327,0,LV,226.65091172710228,13.441532319975801,209.29254288855327,252.08138708686755,55,100.34908827289772,
00-0030565,Geno Smith,QB,2024,3,289,0,LV,226.65091172710228,13.441532319975801,209.29254288855327,252.08138708686755,55,62.34908827289772,
00-0030565,Geno Smith,QB,2024,4,395,0,LV,226.65091172710228,13.441532319975801,209.29254288855327,252.08138708686755,55,168.34908827289772,
00-0030565,Geno Smith,QB,2024,5,284,0,LV,226.65091172710228,13.441532319975801,209.29254288855327,252.08138708686755,55,57.34908827289772,
00-0030565,Geno Smith,QB,2024,6,312,0,LV,226.65091172710228,13.441532319975801,209.29254288855327,252.08138708686755,55,85.34908827289772,
00-0030565,Geno Smith,QB,2024,7,207,0,LV,226.65091172710228,13.441532319975801,209.29254288855327,252.08138708686755,55,19.650911727102283,
00-0030565,Geno Smith,QB,2024,8,212,0,LV,226.65091172710228,13.441532319975801,209.29254288855327,252.08138708686755,55,14.650911727102283,
00-0030565,Geno Smith,QB,2024,9,363,0,LV,226.65091172710228,13.441532319975801,209.29254288855327,252.08138708686755,55,136.34908827289772,
00-0030565,Geno Smith,QB,2024,11,221,0,LV,226.65091172710228,13.441532319975801,209.29254288855327,252.08138708686755,55,5.650911727102283,
00-0030565,Geno Smith,QB,2024,12,254,0,LV,226.65091172710228,13.441532319975801,209.29254288855327,252.08138708686755,55,27.349088272897717,
00-0030565,Geno Smith,QB,2024,13,206,0,LV,226.65091172710228,13.441532319975801,209.29254288855327,252.08138708686755,55,20.650911727102283,
00-0030565,Geno Smith,QB,2024,14,233,0,LV,226.65091172710228,13.441532319975801,209.29254288855327,252.08138708686755,55,6.349088272897717,
00-0030565,Geno Smith,QB,2024,15,149,0,LV,226.65091172710228,13.441532319975801,209.29254288855327,252.08138708686755,55,77.65091172710228,
00-0030565,Geno Smith,QB,2024,16,314,0,LV,226.65091172710228,13.441532319975801,209.29254288855327,252.08138708686755,55,87.34908827289772,
00-0030565,Geno Smith,QB,2024,17,160,0,LV,226.65091172710228,13.441532319975801,209.29254288855327,252.08138708686755,55,66.65091172710228,
00-0031280,Derek Carr,QB,2024,0,2145,0,NO,243.514624434885,9.75203016474384,227.351891498252,261.22836853894603,72,1901.485375565115,
00-0031280,Derek Carr,QB,2024,1,200,0,NO,243.514624434885,9.75203016474384,227.351891498252,261.22836853894603,72,43.51462443488501,
00-0031280,Derek Carr,QB,2024,2,243,0,NO,243.514624434885,9.75203016474384,227.351891498252,261.22836853894603,72,0.5146244348850075,
00-0031280,Derek Carr,QB,2024,3,142,0,NO,243.514624434885,9.75203016474384,227.351891498252,261.22836853894603,72,101.51462443488501,
00-0031280,Derek Carr,QB,2024,4,239,0,NO,243.514624434885,9.75203016474384,227.351891498252,261.22836853894603,72,4.5146244348850075,
00-0031280,Derek Carr,QB,2024,5,165,0,NO,243.514624434885,9.75203016474384,227.351891498252,261.22836853894603,72,78.51462443488501,
00-0031280,Derek Carr,QB,2024,9,236,0,NO,243.514624434885,9.75203016474384,227.351891498252,261.22836853894603,72,7.5146244348850075,
00-0031280,Derek Carr,QB,2024,10,269,0,NO,243.514624434885,9.75203016474384,227.351891498252,261.22836853894603,72,25.485375565114992,
00-0031280,Derek Carr,QB,2024,11,248,0,NO,243.514624434885,9.75203016474384,227.351891498252,261.22836853894603,72,4.4853755651149925,
00-0031280,Derek Carr,QB,2024,13,184,0,NO,243.514624434885,9.75203016474384,227.351891498252,261.22836853894603,72,59.51462443488501,
00-0031280,Derek Carr,QB,2024,14,219,0,NO,243.514624434885,9.75203016474384,227.351891498252,261.22836853894603,72,24.514624434885008,
00-0031503,Jameis Winston,QB,2024,0,2121,0,NYG,209.83384431667017,12.306335301484072,189.23431327906545,230.42190544074344,17,1911.1661556833299,
00-0031503,Jameis Winston,QB,2024,8,334,0,NYG,209.83384431667017,12.306335301484072,189.23431327906545,230.42190544074344,17,124.16615568332983,
00-0031503,Jameis Winston,QB,2024,9,235,0,NYG,209.83384431667017,12.306335301484072,189.23431327906545,230.42190544074344,17,25.166155683329833,
00-0031503,Jameis Winston,QB,2024,11,395,0,NYG,209.83384431667017,12.306335301484072,189.23431327906545,230.42190544074344,17,185.16615568332983,
00-0031503,Jameis Winston,QB,2024,12,219,0,NYG,209.83384431667017,12.306335301484072,189.23431327906545,230.42190544074344,17,9.166155683329833,
00-0031503,Jameis Winston,QB,2024,13,497,0,NYG,209.83384431667017,12.306335301484072,189.23431327906545,230.42190544074344,17,287.16615568332986,
00-0031503,Jameis Winston,QB,2024,14,212,0,NYG,209.83384431667017,12.306335301484072,189.23431327906545,230.42190544074344,17,2.1661556833298334,
00-0031503,Jameis Winston,QB,2024,15,146,0,NYG,209.83384431667017,12.306335301484072,189.23431327906545,230.42190544074344,17,63.83384431667017,
00-0032268,Marcus Mariota,QB,2024,7,205,0,WAS,169.67875960022326,15.476739020655565,152.1871479485776,199.33104793345197,17,35.32124039977674,
00-0032434,Brandon Allen,QB,2024,12,199,0,TEN,180.42767410625856,11.217368926860201,162.35381550542817,200.92526037912097,7,18.572325893741436,
00-0033077,Dak Prescott,QB,2024,0,1978,0,DAL,270.74813565411097,14.271404978463844,246.77204111048138,288.6855403408128,67,1707.251864345889,
00-0033077,Dak Prescott,QB,2024,1,179,0,DAL,270.74813565411097,14.271404978463844,246.77204111048138,288.6855403408128,67,91.74813565411097,
00-0033077,Dak Prescott,QB,2024,2,293,0,DAL,270.74813565411097,14.271404978463844,246.77204111048138,288.6855403408128,67,22.251864345889032,
00-0033077,Dak Prescott,QB,2024,3,379,0,DAL,270.74813565411097,14.271404978463844,246.77204111048138,288.6855403408128,67,108.25186434588903,
00-0033077,Dak Prescott,QB,2024,4,221,0,DAL,270.74813565411097,14.271404978463844,246.77204111048138,288.6855403408128,67,49.74813565411097,
00-0033077,Dak Prescott,QB,2024,5,352,0,DAL,270.74813565411097,14.271404978463844,246.77204111048138,288.6855403408128,67,81.25186434588903,
00-0033077,Dak Prescott,QB,2024,6,178,0,DAL,270.74813565411097,14.271404978463844,246.77204111048138,288.6855403408128,67,92.74813565411097,
00-0033077,Dak Prescott,QB,2024,8,243,0,DAL,270.74813565411097,14.271404978463844,246.77204111048138,288.6855403408128,67,27.748135654110968,
00-0033077,Dak Prescott,QB,2024,9,133,0,DAL,270.74813565411097,14.271404978463844,246.77204111048138,288.6855403408128,67,137.74813565411097,
00-0033106,Jared Goff,QB,2024,0,4629,0,DET,241.92917063739122,9.137664774974265,226.56548043819112,258.229829396818,88,4387.0708293626085,
00-0033106,Jared Goff,QB,2024,1,217,0,DET,241.92917063739122,9.137664774974265,226.56548043819112,258.229829396818,88,24.929170637391223,
00-0033106,Jared Goff,QB,2024,2,307,0,DET,241.92917063739122,9.137664774974265,226.56548043819112,258.229829396818,88,65.07082936260878,
00-0033106,Jared Goff,QB,2024,3,199,0,DET,241.92917063739122,9.137664774974265,226.56548043819112,258.229829396818,88,42.92917063739122,
00-0033106,Jared Goff,QB,2024,4,292,0,DET,241.92917063739122,9.137664774974265,226.56548043819112,258.229829396818,88,50.07082936260878,
00-0033106,Jared Goff,QB,2024,6,315,0,DET,241.92917063739122,9.137664774974265,226.56548043819112,258.229829396818,88,73.07082936260878,
00-0033106,Jared Goff,QB,2024,7,280,0,DET,241.92917063739122,9.137664774974265,226.56548043819112,258.229829396818,88,38.07082936260878,
00-0033106,Jared Goff,QB,2024,8,85,0,DET,241.92917063739122,9.137664774974265,226.56548043819112,258.229829396818,88,156.92917063739122,
00-0033106,Jared Goff,QB,2024,9,145,0,DET,241.92917063739122,9.137664774974265,226.56548043819112,258.229829396818,88,96.92917063739122,
00-0033106,Jared Goff,QB,2024,10,240,0,DET,241.92917063739122,9.137664774974265,226.56548043819112,258.229829396818,88,1.9291706373912234,
00-0033106,Jared Goff,QB,2024,11,412,0,DET,241.92917063739122,9.137664774974265,226.56548043819112,258.229829396818,88,170.07082936260878,
00-0033106,Jared Goff,QB,2024,12,269,0,DET,241.92917063739122,9.137664774974265,226.56548043819112,258.229829396818,88,27.070829362608777,
00-0033106,Jared Goff,QB,2024,13,221,0,DET,241.92917063739122,9.137664774974265,226.56548043819112,258.229829396818,88,20.929170637391223,
00-0033106,Jared Goff,QB,2024,14,283,0,DET,241.92917063739122,9.137664774974265,226.56548043819112,258.229829396818,88,41.07082936260878,
00-0033106,Jared Goff,QB,2024,15,494,0,DET,241.92917063739122,9.137664774974265,226.56548043819112,258.229829396818,88,252.07082936260878,
00-0033106,Jared Goff,QB,2024,16,336,0,DET,241.92917063739122,9.137664774974265,226.56548043819112,258.229829396818,88,94.07082936260878,
00-0033106,Jared Goff,QB,2024,17,303,0,DET,241.92917063739122,9.137664774974265,226.56548043819112,258.229829396818,88,61.07082936260878,
00-0033119,Jacoby Brissett,QB,2024,0,826,0,ARI,195.98928708360117,10.237500410811906,179.58578416873007,214.6285801427739,23,630.0107129163988,
00-0033119,Jacoby Brissett,QB,2024,1,121,0,ARI,195.98928708360117,10.237500410811906,179.58578416873007,214.6285801427739,23,74.98928708360117,
00-0033119,Jacoby Brissett,QB,2024,2,149,0,ARI,195.98928708360117,10.237500410811906,179.58578416873007,214.6285801427739,23,46.98928708360117,
00-0033119,Jacoby Brissett,QB,2024,3,98,0,ARI,195.98928708360117,10.237500410811906,179.58578416873007,214.6285801427739,23,97.98928708360117,
00-0033119,Jacoby Brissett,QB,2024,4,168,0,ARI,195.98928708360117,10.237500410811906,179.58578416873007,214.6285801427739,23,27.98928708360117,
00-0033119,Jacoby Brissett,QB,2024,5,160,0,ARI,195.98928708360117,10.237500410811906,179.58578416873007,214.6285801427739,23,35.98928708360117,
00-0033119,Jacoby Brissett,QB,2024,8,132,0,ARI,195.98928708360117,10.237500410811906,179.58578416873007,214.6285801427739,23,63.98928708360117,
00-0033537,Deshaun Watson,QB,2024,0,1148,0,CLE,243.13868482826064,10.36086877658667,226.36324777448323,261.73878431806463,33,904.8613151717393,
00-0033537,Deshaun Watson,QB,2024,1,169,0,CLE,243.13868482826064,10.36086877658667,226.36324777448323,261.73878431806463,33,74.13868482826064,
00-0033537,Deshaun Watson,QB,2024,2,186,0,CLE,243.13868482826064,10.36086877658667,226.36324777448323,261.73878431806463,33,57.13868482826064,
00-0033537,Deshaun Watson,QB,2024,3,196,0,CLE,243.13868482826064,10.36086877658667,226.36324777448323,261.73878431806463,33,47.13868482826064,
00-0033537,Deshaun Watson,QB,2024,4,176,0,CLE,243.13868482826064,10.36086877658667,226.36324777448323,261.73878431806463,33,67.13868482826064,
00-0033537,Deshaun Watson,QB,2024,5,125,0,CLE,243.13868482826064,10.36086877658667,226.36324777448323,261.73878431806463,33,118.13868482826064,
00-0033537,Deshaun Watson,QB,2024,6,168,0,CLE,243.13868482826064,10.36086877658667,226.36324777448323,261.73878431806463,33,75.13868482826064,
00-0033537,Deshaun Watson,QB,2024,7,128,0,CLE,243.13868482826064,10.36086877658667,226.36324777448323,261.73878431806463,33,115.13868482826064,
00-0033662,Cooper Rush,QB,2024,0,1844,0,BAL,195.12941400462907,11.933724701695104,175.37946538097975,215.37463497240105,14,1648.870585995371,
00-0033662,Cooper Rush,QB,2024,9,115,0,BAL,195.12941400462907,11.933724701695104,175.37946538097975,215.37463497240105,14,80.12941400462907,
00-0033662,Cooper Rush,QB,2024,10,45,0,BAL,195.12941400462907,11.933724701695104,175.37946538097975,215.37463497240105,14,150.12941400462907,
00-0033662,Cooper Rush,QB,2024,11,354,0,BAL,195.12941400462907,11.933724701695104,175.37946538097975,215.37463497240105,14,158.87058599537093,
00-0033662,Cooper Rush,QB,2024,12,247,0,BAL,195.12941400462907,11.933724701695104,175.37946538097975,215.37463497240105,14,51.87058599537093,
00-0033662,Cooper Rush,QB,2024,13,195,0,BAL,195.12941400462907,11.933724701695104,175.37946538097975,215.37463497240105,14,0.12941400462906927,
00-0033662,Cooper Rush,QB,2024,14,183,0,BAL,195.12941400462907,11.933724701695104,175.37946538097975,215.37463497240105,14,12.12941400462907,
00-0033662,Cooper Rush,QB,2024,15,214,0,BAL,195.12941400462907,11.933724701695104,175.37946538097975,215.37463497240105,14,18.87058599537093,
00-0033662,Cooper Rush,QB,2024,16,292,0,BAL,195.12941400462907,11.933724701695104,175.37946538097975,215.37463497240105,14,96.87058599537093,
00-0033662,Cooper Rush,QB,2024,17,147,0,BAL,195.12941400462907,11.933724701695104,175.37946538097975,215.37463497240105,14,48.12941400462907,
00-0033873,Patrick Mahomes,QB,2024,0,3928,0,KC,282.6999251694486,10.502584919970186,264.7698611034548,299.21009933722854,98,3645.3000748305512,
00-0033873,Patrick Mahomes,QB,2024,1,291,0,KC,282.6999251694486,10.502584919970186,264.7698611034548,299.21009933722854,98,8.30007483055141,
00-0033873,Patrick Mahomes,QB,2024,2,151,0,KC,282.6999251694486,10.502584919970186,264.7698611034548,299.21009933722854,98,131.6999251694486,
00-0033873,Patrick Mahomes,QB,2024,3,217,0,KC,282.6999251694486,10.502584919970186,264.7698611034548,299.21009933722854,98,65.69992516944859,
00-0033873,Patrick Mahomes,QB,2024,4,245,0,KC,282.6999251694486,10.502584919970186,264.7698611034548,299.21009933722854,98,37.69992516944859,
00-0033873,Patrick Mahomes,QB,2024,5,331,0,KC,282.6999251694486,10.502584919970186,264.7698611034548,299.21009933722854,98,48.30007483055141,
00-0033873,Patrick Mahomes,QB,2024,7,154,0,KC,282.6999251694486,10.502584919970186,264.7698611034548,299.21009933722854,98,128.6999251694486,
00-0033873,Patrick Mahomes,QB,2024,8,262,0,KC,282.6999251694486,10.502584919970186,264.7698611034548,299.21009933722854,98,20.69992516944859,
00-0033873,Patrick Mahomes,QB,2024,9,291,0,KC,282.6999251694486,10.502584919970186,264.7698611034548,299.21009933722854,98,8.30007483055141,
00-0033873,Patrick Mahomes,QB,2024,10,266,0,KC,282.6999251694486,10.502584919970186,264.7698611034548,299.21009933722854,98,16.69992516944859,
00-0033873,Patrick Mahomes,QB,2024,11,196,0,KC,282.6999251694486,10.502584919970186,264.7698611034548,299.21009933722854,98,86.69992516944859,
00-0033873,Patrick Mahomes,QB,2024,12,269,0,KC,282.6999251694486,10.502584919970186,264.7698611034548,299.21009933722854,98,13.69992516944859,
00-0033873,Patrick Mahomes,QB,2024,13,306,0,KC,282.6999251694486,10.502584919970186,264.7698611034548,299.21009933722854,98,23.30007483055141,
00-0033873,Patrick Mahomes,QB,2024,14,210,0,KC,282.6999251694486,10.502584919970186,264.7698611034548,299.21009933722854,98,72.69992516944859,
00-0033873,Patrick Mahomes,QB,2024,15,159,0,KC,282.6999251694486,10.502584919970186,264.7698611034548,299.21009933722854,98,123.69992516944859,
00-0033873,Patrick Mahomes,QB,2024,16,260,0,KC,282.6999251694486,10.502584919970186,264.7698611034548,299.21009933722854,98,22.69992516944859,
00-0033873,Patrick Mahomes,QB,2024,17,320,0,KC,282.6999251694486,10.502584919970186,264.7698611034548,299.21009933722854,98,37.30007483055141,
00-0034177,Tim Boyle,QB,2024,15,123,0,NYG,178.8180842566735,16.67013708674413,157.8108241238398,209.14734425354266,5,55.8180842566735,
00-0034771,Mason Rudolph,QB,2024,0,1530,0,PIT,218.58807006824847,20.812207327338076,187.85492699065935,247.6808444908302,12,1311.4119299317515,
00-0034771,Mason Rudolph,QB,2024,4,85,0,PIT,218.58807006824847,20.812207327338076,187.85492699065935,247.6808444908302,12,133.58807006824847,
00-0034771,Mason Rudolph,QB,2024,7,215,0,PIT,218.58807006824847,20.812207327338076,187.85492699065935,247.6808444908302,12,3.58807006824847,
00-0034771,Mason Rudolph,QB,2024,8,266,0,PIT,218.58807006824847,20.812207327338076,187.85492699065935,247.6808444908302,12,47.41192993175153,
00-0034771,Mason Rudolph,QB,2024,9,240,0,PIT,218.58807006824847,20.812207327338076,187.85492699065935,247.6808444908302,12,21.41192993175153,
00-0034771,Mason Rudolph,QB,2024,15,209,0,PIT,218.58807006824847,20.812207327338076,187.85492699065935,247.6808444908302,12,9.58807006824847,
00-0034771,Mason Rudolph,QB,2024,16,252,0,PIT,218.58807006824847,20.812207327338076,187.85492699065935,247.6808444908302,12,33.41192993175153,
00-0034771,Mason Rudolph,QB,2024,17,193,0,PIT,218.58807006824847,20.812207327338076,187.85492699065935,247.6808444908302,12,25.58807006824847,
00-0034796,Lamar Jackson,QB,2024,0,4172,0,BAL,201.76123634536486,10.182889598350565,184.40842522148014,213.9794537717128,80,3970.238763654635,
00-0034796,Lamar Jackson,QB,2024,1,273,0,BAL,201.76123634536486,10.182889598350565,184.40842522148014,213.9794537717128,80,71.23876365463514,
00-0034796,Lamar Jackson,QB,2024,2,247,0,BAL,201.76123634536486,10.182889598350565,184.40842522148014,213.9794537717128,80,45.238763654635136,
00-0034796,Lamar Jackson,QB,2024,3,182,0,BAL,201.76123634536486,10.182889598350565,184.40842522148014,213.9794537717128,80,19.761236345364864,
00-0034796,Lamar Jackson,QB,2024,4,156,0,BAL,201.76123634536486,10.182889598350565,184.40842522148014,213.9794537717128,80,45.761236345364864,
00-0034796,Lamar Jackson,QB,2024,5,348,0,BAL,201.76123634536486,10.182889598350565,184.40842522148014,213.9794537717128,80,146.23876365463514,
00-0034796,Lamar Jackson,QB,2024,6,323,0,BAL,201.76123634536486,10.182889598350565,184.40842522148014,213.9794537717128,80,121.23876365463514,
00-0034796,Lamar Jackson,QB,2024,7,281,0,BAL,201.76123634536486,10.182889598350565,184.40842522148014,213.9794537717128,80,79.23876365463514,
00-0034796,Lamar Jackson,QB,2024,8,289,0,BAL,201.76123634536486,10.182889598350565,184.40842522148014,213.9794537717128,80,87.23876365463514,
00-0034796,Lamar Jackson,QB,2024,9,280,0,BAL,201.76123634536486,10.182889598350565,184.40842522148014,213.9794537717128,80,78.23876365463514,
00-0034796,Lamar Jackson,QB,2024,10,290,0,BAL,201.76123634536486,10.182889598350565,184.40842522148014,213.9794537717128,80,88.23876365463514,
00-0034796,Lamar Jackson,QB,2024,11,207,0,BAL,201.76123634536486,10.182889598350565,184.40842522148014,213.9794537717128,80,5.238763654635136,
00-0034796,Lamar Jackson,QB,2024,12,177,0,BAL,201.76123634536486,10.182889598350565,184.40842522148014,213.9794537717128,80,24.761236345364864,
00-0034796,Lamar Jackson,QB,2024,13,237,0,BAL,201.76123634536486,10.182889598350565,184.40842522148014,213.9794537717128,80,35.238763654635136,
00-0034796,Lamar Jackson,QB,2024,15,290,0,BAL,201.76123634536486,10.182889598350565,184.40842522148014,213.9794537717128,80,88.23876365463514,
00-0034796,Lamar Jackson,QB,2024,16,207,0,BAL,201.76123634536486,10.182889598350565,184.40842522148014,213.9794537717128,80,5.238763654635136,
00-0034796,Lamar Jackson,QB,2024,17,168,0,BAL,201.76123634536486,10.182889598350565,184.40842522148014,213.9794537717128,80,33.761236345364864,
00-0034855,Baker Mayfield,QB,2024,0,4500,0,TB,211.18404405581717,8.478194632664836,198.83016139634339,227.27596864631377,83,4288.815955944183,
00-0034855,Baker Mayfield,QB,2024,1,289,0,TB,211.18404405581717,8.478194632664836,198.83016139634339,227.27596864631377,83,77.81595594418283,
00-0034855,Baker Mayfield,QB,2024,2,185,0,TB,211.18404405581717,8.478194632664836,198.83016139634339,227.27596864631377,83,26.184044055817168,
00-0034855,Baker Mayfield,QB,2024,3,163,0,TB,211.18404405581717,8.478194632664836,198.83016139634339,227.27596864631377,83,48.18404405581717,
00-0034855,Baker Mayfield,QB,2024,4,347,0,TB,211.18404405581717,8.478194632664836,198.83016139634339,227.27596864631377,83,135.81595594418283,
00-0034855,Baker Mayfield,QB,2024,5,180,0,TB,211.18404405581717,8.478194632664836,198.83016139634339,227.27596864631377,83,31.184044055817168,
00-0034855,Baker Mayfield,QB,2024,6,325,0,TB,211.18404405581717,8.478194632664836,198.83016139634339,227.27596864631377,83,113.81595594418283,
00-0034855,Baker Mayfield,QB,2024,7,370,0,TB,211.18404405581717,8.478194632664836,198.83016139634339,227.27596864631377,83,158.81595594418283,
00-0034855,Baker Mayfield,QB,2024,8,330,0,TB,211.18404405581717,8.478194632664836,198.83016139634339,227.27596864631377,83,118.81595594418283,
00-0034855,Baker Mayfield,QB,2024,9,200,0,TB,211.18404405581717,8.478194632664836,198.83016139634339,227.27596864631377,83,11.184044055817168,
00-0034855,Baker Mayfield,QB,2024,10,116,0,TB,211.18404405581717,8.478194632664836,198.83016139634339,227.27596864631377,83,95.18404405581717,
00-0034855,Baker Mayfield,QB,2024,12,294,0,TB,211.18404405581717,8.478194632664836,198.83016139634339,227.27596864631377,83,82.81595594418283,
00-0034855,Baker Mayfield,QB,2024,13,235,0,TB,211.18404405581717,8.478194632664836,198.83016139634339,227.27596864631377,83,23.815955944182832,
00-0034855,Baker Mayfield,QB,2024,14,295,0,TB,211.18404405581717,8.478194632664836,198.83016139634339,227.27596864631377,83,83.81595594418283,
00-0034855,Baker Mayfield,QB,2024,15,288,0,TB,211.18404405581717,8.478194632664836,198.83016139634339,227.27596864631377,83,76.81595594418283,
00-0034855,Baker Mayfield,QB,2024,16,303,0,TB,211.18404405581717,8.478194632664836,198.83016139634339,227.27596864631377,83,91.81595594418283,
00-0034855,Baker Mayfield,QB,2024,17,359,0,TB,211.18404405581717,8.478194632664836,198.83016139634339,227.27596864631377,83,147.81595594418283,
00-0034857,Josh Allen,QB,2024,0,3731,0,BUF,254.9639085389473,11.25742145372014,236.91181895988774,269.99326115453664,99,3476.036091461053,
00-0034857,Josh Allen,QB,2024,1,232,0,BUF,254.9639085389473,11.25742145372014,236.91181895988774,269.99326115453664,99,22.963908538947294,
00-0034857,Josh Allen,QB,2024,2,139,0,BUF,254.9639085389473,11.25742145372014,236.91181895988774,269.99326115453664,99,115.9639085389473,
00-0034857,Josh Allen,QB,2024,3,263,0,BUF,254.9639085389473,11.25742145372014,236.91181895988774,269.99326115453664,99,8.036091461052706,
00-0034857,Josh Allen,QB,2024,4,180,0,BUF,254.9639085389473,11.25742145372014,236.91181895988774,269.99326115453664,99,74.9639085389473,
00-0034857,Josh Allen,QB,2024,5,131,0,BUF,254.9639085389473,11.25742145372014,236.91181895988774,269.99326115453664,99,123.9639085389473,
00-0034857,Josh Allen,QB,2024,6,215,0,BUF,254.9639085389473,11.25742145372014,236.91181895988774,269.99326115453664,99,39.963908538947294,
00-0034857,Josh Allen,QB,2024,7,323,0,BUF,254.9639085389473,11.25742145372014,236.91181895988774,269.99326115453664,99,68.0360914610527,
00-0034857,Josh Allen,QB,2024,8,283,0,BUF,254.9639085389473,11.25742145372014,236.91181895988774,269.99326115453664,99,28.036091461052706,
00-0034857,Josh Allen,QB,2024,9,235,0,BUF,254.9639085389473,11.25742145372014,236.91181895988774,269.99326115453664,99,19.963908538947294,
00-0034857,Josh Allen,QB,2024,10,280,0,BUF,254.9639085389473,11.25742145372014,236.91181895988774,269.99326115453664,99,25.036091461052706,
00-0034857,Josh Allen,QB,2024,11,262,0,BUF,254.9639085389473,11.25742145372014,236.91181895988774,269.99326115453664,99,7.036091461052706,
00-0034857,Josh Allen,QB,2024,13,148,0,BUF,254.9639085389473,11.25742145372014,236.91181895988774,269.99326115453664,99,106.9639085389473,
00-0034857,Josh Allen,QB,2024,14,342,0,BUF,254.9639085389473,11.25742145372014,236.91181895988774,269.99326115453664,99,87.0360914610527,
00-0034857,Josh Allen,QB,2024,15,362,0,BUF,254.9639085389473,11.25742145372014,236.91181895988774,269.99326115453664,99,107.0360914610527,
00-0034857,Josh Allen,QB,2024,16,154,0,BUF,254.9639085389473,11.25742145372014,236.91181895988774,269.99326115453664,99,100.9639085389473,
00-0034857,Josh Allen,QB,2024,17,182,0,BUF,254.9639085389473,11.25742145372014,236.91181895988774,269.99326115453664,99,72.9639085389473,
00-0034869,Sam Darnold,QB,2024,0,4319,0,SEA,197.92793504020653,11.28011094587641,179.241489505297,213.16936700432714,51,4121.072064959793,
00-0034869,Sam Darnold,QB,2024,1,208,0,SEA,197.92793504020653,11.28011094587641,179.241489505297,213.16936700432714,51,10.072064959793465,
00-0034869,Sam Darnold,QB,2024,2,268,0,SEA,197.92793504020653,11.28011094587641,179.241489505297,213.16936700432714,51,70.07206495979347,
00-0034869,Sam Darnold,QB,2024,3,181,0,SEA,197.92793504020653,11.28011094587641,179.241489505297,213.16936700432714,51,16.927935040206535,
00-0034869,Sam Darnold,QB,2024,4,275,0,SEA,197.92793504020653,11.28011094587641,179.241489505297,213.16936700432714,51,77.07206495979347,
00-0034869,Sam Darnold,QB,2024,5,179,0,SEA,197.92793504020653,11.28011094587641,179.241489505297,213.16936700432714,51,18.927935040206535,
00-0034869,Sam Darnold,QB,2024,7,259,0,SEA,197.92793504020653,11.28011094587641,179.241489505297,213.16936700432714,51,61.072064959793465,
00-0034869,Sam Darnold,QB,2024,8,240,0,SEA,197.92793504020653,11.28011094587641,179.241489505297,213.16936700432714,51,42.072064959793465,
00-0034869,Sam Darnold,QB,2024,9,290,0,SEA,197.92793504020653,11.28011094587641,179.241489505297,213.16936700432714,51,92.07206495979347,
00-0034869,Sam Darnold,QB,2024,10,241,0,SEA,197.92793504020653,11.28011094587641,179.241489505297,213.16936700432714,51,43.072064959793465,
00-0034869,Sam Darnold,QB,2024,11,246,0,SEA,197.92793504020653,11.28011094587641,179.241489505297,213.16936700432714,51,48.072064959793465,
00-0034869,Sam Darnold,QB,2024,12,330,0,SEA,197.92793504020653,11.28011094587641,179.241489505297,213.16936700432714,51,132.07206495979347,
00-0034869,Sam Darnold,QB,2024,13,235,0,SEA,197.92793504020653,11.28011094587641,179.241489505297,213.16936700432714,51,37.072064959793465,
00-0034869,Sam Darnold,QB,2024,14,347,0,SEA,197.92793504020653,11.28011094587641,179.241489505297,213.16936700432714,51,149.07206495979347,
00-0034869,Sam Darnold,QB,2024,15,231,0,SEA,197.92793504020653,11.28011094587641,179.241489505297,213.16936700432714,51,33.072064959793465,
00-0034869,Sam Darnold,QB,2024,16,246,0,SEA,197.92793504020653,11.28011094587641,179.241489505297,213.16936700432714,51,48.072064959793465,
00-0034869,Sam Darnold,QB,2024,17,377,0,SEA,197.92793504020653,11.28011094587641,179.241489505297,213.16936700432714,51,179.07206495979347,
00-0035228,Kyler Murray,QB,2024,0,3851,0,ARI,226.19964629540362,8.813190618961515,213.94158276007863,243.10173055676253,70,3624.8003537045965,
00-0035228,Kyler Murray,QB,2024,1,162,0,ARI,226.19964629540362,8.813190618961515,213.94158276007863,243.10173055676253,70,64.19964629540362,
00-0035228,Kyler Murray,QB,2024,2,266,0,ARI,226.19964629540362,8.813190618961515,213.94158276007863,243.10173055676253,70,39.800353704596375,
00-0035228,Kyler Murray,QB,2024,3,207,0,ARI,226.19964629540362,8.813190618961515,213.94158276007863,243.10173055676253,70,19.199646295403625,
00-0035228,Kyler Murray,QB,2024,4,142,0,ARI,226.19964629540362,8.813190618961515,213.94158276007863,243.10173055676253,70,84.19964629540362,
00-0035228,Kyler Murray,QB,2024,5,195,0,ARI,226.19964629540362,8.813190618961515,213.94158276007863,243.10173055676253,70,31.199646295403625,
00-0035228,Kyler Murray,QB,2024,6,214,0,ARI,226.19964629540362,8.813190618961515,213.94158276007863,243.10173055676253,70,12.199646295403625,
00-0035228,Kyler Murray,QB,2024,7,145,0,ARI,226.19964629540362,8.813190618961515,213.94158276007863,243.10173055676253,70,81.19964629540362,
00-0035228,Kyler Murray,QB,2024,8,307,0,ARI,226.19964629540362,8.813190618961515,213.94158276007863,243.10173055676253,70,80.80035370459638,
00-0035228,Kyler Murray,QB,2024,9,154,0,ARI,226.19964629540362,8.813190618961515,213.94158276007863,243.10173055676253,70,72.19964629540362,
00-0035228,Kyler Murray,QB,2024,10,266,0,ARI,226.19964629540362,8.813190618961515,213.94158276007863,243.10173055676253,70,39.800353704596375,
00-0035228,Kyler Murray,QB,2024,12,285,0,ARI,226.19964629540362,8.813190618961515,213.94158276007863,243.10173055676253,70,58.800353704596375,
00-0035228,Kyler Murray,QB,2024,13,260,0,ARI,226.19964629540362,8.813190618961515,213.94158276007863,243.10173055676253,70,33.800353704596375,
00-0035228,Kyler Murray,QB,2024,14,259,0,ARI,226.19964629540362,8.813190618961515,213.94158276007863,243.10173055676253,70,32.800353704596375,
00-0035228,Kyler Murray,QB,2024,15,224,0,ARI,226.19964629540362,8.813190618961515,213.94158276007863,243.10173055676253,70,2.1996462954036247,
00-0035228,Kyler Murray,QB,2024,16,202,0,ARI,226.19964629540362,8.813190618961515,213.94158276007863,243.10173055676253,70,24.199646295403625,
00-0035228,Kyler Murray,QB,2024,17,321,0,ARI,226.19964629540362,8.813190618961515,213.94158276007863,243.10173055676253,70,94.80035370459638,
00-0035289,Gardner Minshew,QB,2024,0,2013,0,KC,226.78490200616045,13.671047462735364,204.98258001680432,246.57716818294543,36,1786.2150979938397,
00-0035289,Gardner Minshew,QB,2024,1,257,0,KC,226.78490200616045,13.671047462735364,204.98258001680432,246.57716818294543,36,30.21509799383955,
00-0035289,Gardner Minshew,QB,2024,2,276,0,KC,226.78490200616045,13.671047462735364,204.98258001680432,246.57716818294543,36,49.21509799383955,
00-0035289,Gardner Minshew,QB,2024,3,214,0,KC,226.78490200616045,13.671047462735364,204.98258001680432,246.57716818294543,36,12.78490200616045,
00-0035289,Gardner Minshew,QB,2024,4,130,0,KC,226.78490200616045,13.671047462735364,204.98258001680432,246.57716818294543,36,96.78490200616045,
00-0035289,Gardner Minshew,QB,2024,5,137,0,KC,226.78490200616045,13.671047462735364,204.98258001680432,246.57716818294543,36,89.78490200616045,
00-0035289,Gardner Minshew,QB,2024,7,154,0,KC,226.78490200616045,13.671047462735364,204.98258001680432,246.57716818294543,36,72.78490200616045,
00-0035289,Gardner Minshew,QB,2024,8,209,0,KC,226.78490200616045,13.671047462735364,204.98258001680432,246.57716818294543,36,17.78490200616045,
00-0035289,Gardner Minshew,QB,2024,9,124,0,KC,226.78490200616045,13.671047462735364,204.98258001680432,246.57716818294543,36,102.78490200616045,
00-0035289,Gardner Minshew,QB,2024,11,282,0,KC,226.78490200616045,13.671047462735364,204.98258001680432,246.57716818294543,36,55.21509799383955,
00-0035289,Gardner Minshew,QB,2024,12,230,0,KC,226.78490200616045,13.671047462735364,204.98258001680432,246.57716818294543,36,3.2150979938395494,
00-0035704,Drew Lock,QB,2024,0,1071,0,SEA,214.41277236066503,9.653720662766583,197.4836902660913,229.7718821480736,22,856.587227639335,
00-0035704,Drew Lock,QB,2024,13,178,0,SEA,214.41277236066503,9.653720662766583,197.4836902660913,229.7718821480736,22,36.41277236066503,
00-0035704,Drew Lock,QB,2024,14,227,0,SEA,214.41277236066503,9.653720662766583,197.4836902660913,229.7718821480736,22,12.58722763933497,
00-0035704,Drew Lock,QB,2024,16,210,0,SEA,214.41277236066503,9.653720662766583,197.4836902660913,229.7718821480736,22,4.412772360665031,
00-0035704,Drew Lock,QB,2024,17,309,0,SEA,214.41277236066503,9.653720662766583,197.4836902660913,229.7718821480736,22,94.58722763933497,
00-0035710,Daniel Jones,QB,2024,0,2070,0,IND,206.84671257822356,9.30603359889428,194.39982659015718,224.24764517681442,57,1863.1532874217764,
00-0035710,Daniel Jones,QB,2024,1,186,0,IND,206.84671257822356,9.30603359889428,194.39982659015718,224.24764517681442,57,20.84671257822356,
00-0035710,Daniel Jones,QB,2024,2,178,0,IND,206.84671257822356,9.30603359889428,194.39982659015718,224.24764517681442,57,28.84671257822356,
00-0035710,Daniel Jones,QB,2024,3,236,0,IND,206.84671257822356,9.30603359889428,194.39982659015718,224.24764517681442,57,29.15328742177644,
00-0035710,Daniel Jones,QB,2024,4,281,0,IND,206.84671257822356,9.30603359889428,194.39982659015718,224.24764517681442,57,74.15328742177644,
00-0035710,Daniel Jones,QB,2024,5,257,0,IND,206.84671257822356,9.30603359889428,194.39982659015718,224.24764517681442,57,50.15328742177644,
00-0035710,Daniel Jones,QB,2024,6,205,0,IND,206.84671257822356,9.30603359889428,194.39982659015718,224.24764517681442,57,1.8467125782235598,
00-0035710,Daniel Jones,QB,2024,7,99,0,IND,206.84671257822356,9.30603359889428,194.39982659015718,224.24764517681442,57,107.84671257822356,
00-0035710,Daniel Jones,QB,2024,8,264,0,IND,206.84671257822356,9.30603359889428,194.39982659015718,224.24764517681442,57,57.15328742177644,
00-0035710,Daniel Jones,QB,2024,9,174,0,IND,206.84671257822356,9.30603359889428,194.39982659015718,224.24764517681442,57,32.84671257822356,
00-0035710,Daniel Jones,QB,2024,10,190,0,IND,206.84671257822356,9.30603359889428,194.39982659015718,224.24764517681442,57,16.84671257822356,
00-0035993,Tyler Huntley,QB,2024,4,96,0,BAL,182.61388394162955,11.131411909545971,167.0894002472191,203.61500899308118,15,86.61388394162955,
00-0035993,Tyler Huntley,QB,2024,5,194,0,BAL,182.61388394162955,11.131411909545971,167.0894002472191,203.61500899308118,15,11.386116058370447,
00-0035993,Tyler Huntley,QB,2024,17,225,0,BAL,182.61388394162955,11.131411909545971,167.0894002472191,203.61500899308118,15,42.38611605837045,
00-0036212,Tua Tagovailoa,QB,2024,0,2867,0,MIA,221.28312716954497,10.730682685832745,203.5700150481078,239.611772737803,66,2645.716872830455,
00-0036212,Tua Tagovailoa,QB,2024,1,338,0,MIA,221.28312716954497,10.730682685832745,203.5700150481078,239.611772737803,66,116.71687283045503,
00-0036212,Tua Tagovailoa,QB,2024,2,145,0,MIA,221.28312716954497,10.730682685832745,203.5700150481078,239.611772737803,66,76.28312716954497,
00-0036212,Tua Tagovailoa,QB,2024,8,234,0,MIA,221.28312716954497,10.730682685832745,203.5700150481078,239.611772737803,66,12.716872830455031,
00-0036212,Tua Tagovailoa,QB,2024,9,231,0,MIA,221.28312716954497,10.730682685832745,203.5700150481078,239.611772737803,66,9.716872830455031,
00-0036212,Tua Tagovailoa,QB,2024,10,207,0,MIA,221.28312716954497,10.730682685832745,203.5700150481078,239.611772737803,66,14.283127169544969,
00-0036212,Tua Tagovailoa,QB,2024,11,288,0,MIA,221.28312716954497,10.730682685832745,203.5700150481078,239.611772737803,66,66.71687283045503,
00-0036212,Tua Tagovailoa,QB,2024,12,317,0,MIA,221.28312716954497,10.730682685832745,203.5700150481078,239.611772737803,66,95.71687283045503,
00-0036212,Tua Tagovailoa,QB,2024,13,365,0,MIA,221.28312716954497,10.730682685832745,203.5700150481078,239.611772737803,66,143.71687283045503,
00-0036212,Tua Tagovailoa,QB,2024,14,331,0,MIA,221.28312716954497,10.730682685832745,203.5700150481078,239.611772737803,66,109.71687283045503,
00-0036212,Tua Tagovailoa,QB,2024,15,196,0,MIA,221.28312716954497,10.730682685832745,203.5700150481078,239.611772737803,66,25.28312716954497,
00-0036212,Tua Tagovailoa,QB,2024,16,215,0,MIA,221.28312716954497,10.730682685832745,203.5700150481078,239.611772737803,66,6.283127169544969,
00-0036264,Jordan Love,QB,2024,0,3389,0,GB,213.0167923657909,13.116722006715941,194.17561858317384,238.97859804667635,40,3175.983207634209,
00-0036264,Jordan Love,QB,2024,1,260,0,GB,213.0167923657909,13.116722006715941,194.17561858317384,238.97859804667635,40,46.983207634209094,
00-0036264,Jordan Love,QB,2024,4,389,0,GB,213.0167923657909,13.116722006715941,194.17561858317384,238.97859804667635,40,175.9832076342091,
00-0036264,Jordan Love,QB,2024,5,224,0,GB,213.0167923657909,13.116722006715941,194.17561858317384,238.97859804667635,40,10.983207634209094,
00-0036264,Jordan Love,QB,2024,6,258,0,GB,213.0167923657909,13.116722006715941,194.17561858317384,238.97859804667635,40,44.983207634209094,
00-0036264,Jordan Love,QB,2024,7,220,0,GB,213.0167923657909,13.116722006715941,194.17561858317384,238.97859804667635,40,6.983207634209094,
00-0036264,Jordan Love,QB,2024,8,196,0,GB,213.0167923657909,13.116722006715941,194.17561858317384,238.97859804667635,40,17.016792365790906,
00-0036264,Jordan Love,QB,2024,9,273,0,GB,213.0167923657909,13.116722006715941,194.17561858317384,238.97859804667635,40,59.983207634209094,
00-0036264,Jordan Love,QB,2024,11,261,0,GB,213.0167923657909,13.116722006715941,194.17561858317384,238.97859804667635,40,47.983207634209094,
00-0036264,Jordan Love,QB,2024,12,163,0,GB,213.0167923657909,13.116722006715941,194.17561858317384,238.97859804667635,40,50.016792365790906,
00-0036264,Jordan Love,QB,2024,13,274,0,GB,213.0167923657909,13.116722006715941,194.17561858317384,238.97859804667635,40,60.983207634209094,
00-0036264,Jordan Love,QB,2024,14,206,0,GB,213.0167923657909,13.116722006715941,194.17561858317384,238.97859804667635,40,7.016792365790906,
00-0036264,Jordan Love,QB,2024,15,229,0,GB,213.0167923657909,13.116722006715941,194.17561858317384,238.97859804667635,40,15.983207634209094,
00-0036264,Jordan Love,QB,2024,16,182,0,GB,213.0167923657909,13.116722006715941,194.17561858317384,238.97859804667635,40,31.016792365790906,
00-0036264,Jordan Love,QB,2024,17,185,0,GB,213.0167923657909,13.116722006715941,194.17561858317384,238.97859804667635,40,28.016792365790906,
00-0036355,Justin Herbert,QB,2024,0,3870,0,LAC,259.7163307951836,14.287774506035435,237.39157668096001,281.57194719905056,86,3610.2836692048163,
00-0036355,Justin Herbert,QB,2024,1,144,0,LAC,259.7163307951836,14.287774506035435,237.39157668096001,281.57194719905056,86,115.71633079518358,
00-0036355,Justin Herbert,QB,2024,2,130,0,LAC,259.7163307951836,14.287774506035435,237.39157668096001,281.57194719905056,86,129.71633079518358,
00-0036355,Justin Herbert,QB,2024,3,125,0,LAC,259.7163307951836,14.287774506035435,237.39157668096001,281.57194719905056,86,134.71633079518358,
00-0036355,Justin Herbert,QB,2024,4,179,0,LAC,259.7163307951836,14.287774506035435,237.39157668096001,281.57194719905056,86,80.71633079518358,
00-0036355,Justin Herbert,QB,2024,6,237,0,LAC,259.7163307951836,14.287774506035435,237.39157668096001,281.57194719905056,86,22.71633079518358,
00-0036355,Justin Herbert,QB,2024,7,349,0,LAC,259.7163307951836,14.287774506035435,237.39157668096001,281.57194719905056,86,89.28366920481642,
00-0036355,Justin Herbert,QB,2024,8,279,0,LAC,259.7163307951836,14.287774506035435,237.39157668096001,281.57194719905056,86,19.28366920481642,
00-0036355,Justin Herbert,QB,2024,9,282,0,LAC,259.7163307951836,14.287774506035435,237.39157668096001,281.57194719905056,86,22.28366920481642,
00-0036355,Justin Herbert,QB,2024,10,164,0,LAC,259.7163307951836,14.287774506035435,237.39157668096001,281.57194719905056,86,95.71633079518358,
00-0036355,Justin Herbert,QB,2024,11,297,0,LAC,259.7163307951836,14.287774506035435,237.39157668096001,281.57194719905056,86,37.28366920481642,
00-0036355,Justin Herbert,QB,2024,12,218,0,LAC,259.7163307951836,14.287774506035435,237.39157668096001,281.57194719905056,86,41.71633079518358,
00-0036355,Justin Herbert,QB,2024,13,147,0,LAC,259.7163307951836,14.287774506035435,237.39157668096001,281.57194719905056,86,112.71633079518358,
00-0036355,Justin Herbert,QB,2024,14,213,0,LAC,259.7163307951836,14.287774506035435,237.39157668096001,281.57194719905056,86,46.71633079518358,
00-0036355,Justin Herbert,QB,2024,15,195,0,LAC,259.7163307951836,14.287774506035435,237.39157668096001,281.57194719905056,86,64.71633079518358,
00-0036355,Justin Herbert,QB,2024,16,284,0,LAC,259.7163307951836,14.287774506035435,237.39157668096001,281.57194719905056,86,24.28366920481642,
00-0036355,Justin Herbert,QB,2024,17,281,0,LAC,259.7163307951836,14.287774506035435,237.39157668096001,281.57194719905056,86,21.28366920481642,
00-0036389,Jalen Hurts,QB,2024,0,2903,0,PHI,204.25822454916678,11.086115137406027,186.33665298682814,223.80205989202256,76,2698.7417754508333,
00-0036389,Jalen Hurts,QB,2024,1,278,0,PHI,204.25822454916678,11.086115137406027,186.33665298682814,223.80205989202256,76,73.74177545083322,
00-0036389,Jalen Hurts,QB,2024,2,183,0,PHI,204.25822454916678,11.086115137406027,186.33665298682814,223.80205989202256,76,21.258224549166783,
00-0036389,Jalen Hurts,QB,2024,3,311,0,PHI,204.25822454916678,11.086115137406027,186.33665298682814,223.80205989202256,76,106.74177545083322,
00-0036389,Jalen Hurts,QB,2024,4,158,0,PHI,204.25822454916678,11.086115137406027,186.33665298682814,223.80205989202256,76,46.25822454916678,
00-0036389,Jalen Hurts,QB,2024,6,264,0,PHI,204.25822454916678,11.086115137406027,186.33665298682814,223.80205989202256,76,59.74177545083322,
00-0036389,Jalen Hurts,QB,2024,8,236,0,PHI,204.25822454916678,11.086115137406027,186.33665298682814,223.80205989202256,76,31.741775450833217,
00-0036389,Jalen Hurts,QB,2024,9,230,0,PHI,204.25822454916678,11.086115137406027,186.33665298682814,223.80205989202256,76,25.741775450833217,
00-0036389,Jalen Hurts,QB,2024,10,202,0,PHI,204.25822454916678,11.086115137406027,186.33665298682814,223.80205989202256,76,2.2582245491667834,
00-0036389,Jalen Hurts,QB,2024,11,221,0,PHI,204.25822454916678,11.086115137406027,186.33665298682814,223.80205989202256,76,16.741775450833217,
00-0036389,Jalen Hurts,QB,2024,12,179,0,PHI,204.25822454916678,11.086115137406027,186.33665298682814,223.80205989202256,76,25.258224549166783,
00-0036389,Jalen Hurts,QB,2024,13,118,0,PHI,204.25822454916678,11.086115137406027,186.33665298682814,223.80205989202256,76,86.25822454916678,
00-0036389,Jalen Hurts,QB,2024,14,108,0,PHI,204.25822454916678,11.086115137406027,186.33665298682814,223.80205989202256,76,96.25822454916678,
00-0036389,Jalen Hurts,QB,2024,15,290,0,PHI,204.25822454916678,11.086115137406027,186.33665298682814,223.80205989202256,76,85.74177545083322,
00-0036442,Joe Burrow,QB,2024,0,4918,0,CIN,248.64669666672287,10.302675876385662,231.19973717240035,266.9611120393812,76,4669.353303333277,
00-0036442,Joe Burrow,QB,2024,1,164,0,CIN,248.64669666672287,10.302675876385662,231.19973717240035,266.9611120393812,76,84.64669666672287,
00-0036442,Joe Burrow,QB,2024,2,258,0,CIN,248.64669666672287,10.302675876385662,231.19973717240035,266.9611120393812,76,9.353303333277125,
00-0036442,Joe Burrow,QB,2024,3,324,0,CIN,248.64669666672287,10.302675876385662,231.19973717240035,266.9611120393812,76,75.35330333327713,
00-0036442,Joe Burrow,QB,2024,4,232,0,CIN,248.64669666672287,10.302675876385662,231.19973717240035,266.9611120393812,76,16.646696666722875,
00-0036442,Joe Burrow,QB,2024,5,392,0,CIN,248.64669666672287,10.302675876385662,231.19973717240035,266.9611120393812,76,143.35330333327713,
00-0036442,Joe Burrow,QB,2024,6,208,0,CIN,248.64669666672287,10.302675876385662,231.19973717240035,266.9611120393812,76,40.646696666722875,
00-0036442,Joe Burrow,QB,2024,7,181,0,CIN,248.64669666672287,10.302675876385662,231.19973717240035,266.9611120393812,76,67.64669666672287,
00-0036442,Joe Burrow,QB,2024,8,234,0,CIN,248.64669666672287,10.302675876385662,231.19973717240035,266.9611120393812,76,14.646696666722875,
00-0036442,Joe Burrow,QB,2024,9,251,0,CIN,248.64669666672287,10.302675876385662,231.19973717240035,266.9611120393812,76,2.3533033332771254,
00-0036442,Joe Burrow,QB,2024,10,428,0,CIN,248.64669666672287,10.302675876385662,231.19973717240035,266.9611120393812,76,179.35330333327713,
00-0036442,Joe Burrow,QB,2024,11,356,0,CIN,248.64669666672287,10.302675876385662,231.19973717240035,266.9611120393812,76,107.35330333327713,
00-0036442,Joe Burrow,QB,2024,13,309,0,CIN,248.64669666672287,10.302675876385662,231.19973717240035,266.9611120393812,76,60.353303333277125,
00-0036442,Joe Burrow,QB,2024,14,369,0,CIN,248.64669666672287,10.302675876385662,231.19973717240035,266.9611120393812,76,120.35330333327713,
00-0036442,Joe Burrow,QB,2024,15,271,0,CIN,248.64669666672287,10.302675876385662,231.19973717240035,266.9611120393812,76,22.353303333277125,
00-0036442,Joe Burrow,QB,2024,16,252,0,CIN,248.64669666672287,10.302675876385662,231.19973717240035,266.9611120393812,76,3.3533033332771254,
00-0036442,Joe Burrow,QB,2024,17,412,0,CIN,248.64669666672287,10.302675876385662,231.19973717240035,266.9611120393812,76,163.35330333327713,
00-0036945,Justin Fields,QB,2024,0,1106,0,NYJ,173.28610246542945,10.694871671961375,159.91301321710029,193.20271993155563,42,932.7138975345706,
00-0036945,Justin Fields,QB,2024,1,156,0,NYJ,173.28610246542945,10.694871671961375,159.91301321710029,193.20271993155563,42,17.28610246542945,
00-0036945,Justin Fields,QB,2024,2,117,0,NYJ,173.28610246542945,10.694871671961375,159.91301321710029,193.20271993155563,42,56.28610246542945,
00-0036945,Justin Fields,QB,2024,3,245,0,NYJ,173.28610246542945,10.694871671961375,159.91301321710029,193.20271993155563,42,71.71389753457055,
00-0036945,Justin Fields,QB,2024,4,312,0,NYJ,173.28610246542945,10.694871671961375,159.91301321710029,193.20271993155563,42,138.71389753457055,
00-0036945,Justin Fields,QB,2024,5,131,0,NYJ,173.28610246542945,10.694871671961375,159.91301321710029,193.20271993155563,42,42.28610246542945,
00-0036945,Justin Fields,QB,2024,6,145,0,NYJ,173.28610246542945,10.694871671961375,159.91301321710029,193.20271993155563,42,28.28610246542945,
00-0036971,Trevor Lawrence,QB,2024,0,2045,0,JAX,213.38605714115306,8.451368179132508,198.34659892957575,225.92068808448994,66,1831.613942858847,
00-0036971,Trevor Lawrence,QB,2024,1,162,0,JAX,213.38605714115306,8.451368179132508,198.34659892957575,225.92068808448994,66,51.38605714115306,
00-0036971,Trevor Lawrence,QB,2024,2,220,0,JAX,213.38605714115306,8.451368179132508,198.34659892957575,225.92068808448994,66,6.61394285884694,
00-0036971,Trevor Lawrence,QB,2024,3,178,0,JAX,213.38605714115306,8.451368179132508,198.34659892957575,225.92068808448994,66,35.38605714115306,
00-0036971,Trevor Lawrence,QB,2024,4,169,0,JAX,213.38605714115306,8.451368179132508,198.34659892957575,225.92068808448994,66,44.38605714115306,
00-0036971,Trevor Lawrence,QB,2024,5,371,0,JAX,213.38605714115306,8.451368179132508,198.34659892957575,225.92068808448994,66,157.61394285884694,
00-0036971,Trevor Lawrence,QB,2024,6,234,0,JAX,213.38605714115306,8.451368179132508,198.34659892957575,225.92068808448994,66,20.61394285884694,
00-0036971,Trevor Lawrence,QB,2024,7,193,0,JAX,213.38605714115306,8.451368179132508,198.34659892957575,225.92068808448994,66,20.38605714115306,
00-0036971,Trevor Lawrence,QB,2024,8,308,0,JAX,213.38605714115306,8.451368179132508,198.34659892957575,225.92068808448994,66,94.61394285884694,
00-0036971,Trevor Lawrence,QB,2024,9,169,0,JAX,213.38605714115306,8.451368179132508,198.34659892957575,225.92068808448994,66,44.38605714115306,
00-0036972,Mac Jones,QB,2024,0,1672,0,SF,221.19197729931378,9.636670874999204,207.9540205048796,239.95538254576365,49,1450.8080227006863,
00-0036972,Mac Jones,QB,2024,10,111,0,SF,221.19197729931378,9.636670874999204,207.9540205048796,239.95538254576365,49,110.19197729931378,
00-0036972,Mac Jones,QB,2024,11,138,0,SF,221.19197729931378,9.636670874999204,207.9540205048796,239.95538254576365,49,83.19197729931378,
00-0036972,Mac Jones,QB,2024,13,235,0,SF,221.19197729931378,9.636670874999204,207.9540205048796,239.95538254576365,49,13.808022700686223,
00-0036972,Mac Jones,QB,2024,14,220,0,SF,221.19197729931378,9.636670874999204,207.9540205048796,239.95538254576365,49,1.191977299313777,
00-0036972,Mac Jones,QB,2024,15,294,0,SF,221.19197729931378,9.636670874999204,207.9540205048796,239.95538254576365,49,72.80802270068622,
00-0036972,Mac Jones,QB,2024,16,247,0,SF,221.19197729931378,9.636670874999204,207.9540205048796,239.95538254576365,49,25.808022700686223,
00-0036972,Mac Jones,QB,2024,17,174,0,SF,221.19197729931378,9.636670874999204,207.9540205048796,239.95538254576365,49,47.19197729931378,
00-0037327,Skylar Thompson,QB,2024,3,107,0,PIT,158.6462689085409,13.823959933883529,135.46726169228003,176.30262875770393,4,51.64626890854089,
00-0037834,Brock Purdy,QB,2024,0,3864,0,SF,238.25130024474834,14.077078074960955,214.88693369318847,256.5059855971613,43,3625.7486997552514,
00-0037834,Brock Purdy,QB,2024,1,231,0,SF,238.25130024474834,14.077078074960955,214.88693369318847,256.5059855971613,43,7.251300244748336,
00-0037834,Brock Purdy,QB,2024,2,319,0,SF,238.25130024474834,14.077078074960955,214.88693369318847,256.5059855971613,43,80.74869975525166,
00-0037834,Brock Purdy,QB,2024,3,292,0,SF,238.25130024474834,14.077078074960955,214.88693369318847,256.5059855971613,43,53.748699755251664,
00-0037834,Brock Purdy,QB,2024,4,288,0,SF,238.25130024474834,14.077078074960955,214.88693369318847,256.5059855971613,43,49.748699755251664,
00-0037834,Brock Purdy,QB,2024,5,244,0,SF,238.25130024474834,14.077078074960955,214.88693369318847,256.5059855971613,43,5.748699755251664,
00-0037834,Brock Purdy,QB,2024,6,255,0,SF,238.25130024474834,14.077078074960955,214.88693369318847,256.5059855971613,43,16.748699755251664,
00-0037834,Brock Purdy,QB,2024,7,212,0,SF,238.25130024474834,14.077078074960955,214.88693369318847,256.5059855971613,43,26.251300244748336,
00-0037834,Brock Purdy,QB,2024,8,260,0,SF,238.25130024474834,14.077078074960955,214.88693369318847,256.5059855971613,43,21.748699755251664,
00-0037834,Brock Purdy,QB,2024,10,353,0,SF,238.25130024474834,14.077078074960955,214.88693369318847,256.5059855971613,43,114.74869975525166,
00-0037834,Brock Purdy,QB,2024,11,159,0,SF,238.25130024474834,14.077078074960955,214.88693369318847,256.5059855971613,43,79.25130024474834,
00-0037834,Brock Purdy,QB,2024,13,94,0,SF,238.25130024474834,14.077078074960955,214.88693369318847,256.5059855971613,43,144.25130024474834,
00-0037834,Brock Purdy,QB,2024,14,325,0,SF,238.25130024474834,14.077078074960955,214.88693369318847,256.5059855971613,43,86.74869975525166,
00-0037834,Brock Purdy,QB,2024,15,142,0,SF,238.25130024474834,14.077078074960955,214.88693369318847,256.5059855971613,43,96.25130024474834,
00-0037834,Brock Purdy,QB,2024,16,313,0,SF,238.25130024474834,14.077078074960955,214.88693369318847,256.5059855971613,43,74.74869975525166,
00-0037834,Brock Purdy,QB,2024,17,377,0,SF,238.25130024474834,14.077078074960955,214.88693369318847,256.5059855971613,43,138.74869975525166,
00-0038102,Kenny Pickett,QB,2024,16,143,0,LV,190.5289211301699,9.154533602462402,175.3431655888039,207.69797890562825,23,47.52892113016989,
00-0038102,Kenny Pickett,QB,2024,17,143,0,LV,190.5289211301699,9.154533602462402,175.3431655888039,207.69797890562825,23,47.52892113016989,
00-0038122,Desmond Ridder,QB,2024,9,74,0,MIN,192.95577160987884,14.011869266994571,169.73459309623817,211.1920692019681,18,118.95577160987884,
00-0038122,Desmond Ridder,QB,2024,14,101,0,MIN,192.95577160987884,14.011869266994571,169.73459309623817,211.1920692019681,18,91.95577160987884,
00-0038122,Desmond Ridder,QB,2024,15,208,0,MIN,192.95577160987884,14.011869266994571,169.73459309623817,211.1920692019681,18,15.044228390121162,
00-0038128,Malik Willis,QB,2024,3,202,0,GB,138.8398346425491,18.30714291629724,112.56749530408445,165.9671703795792,3,63.16016535745089,
00-0038476,Tommy DeVito,QB,2024,12,189,0,NE,152.90518142002696,10.501986575471712,135.06646626753505,169.20584643948166,7,36.09481857997304,
00-0038579,Aidan O'Connell,QB,2024,0,1612,0,LV,202.27577720395877,11.274447269794255,189.2462354163454,223.19146711391215,17,1409.7242227960412,
00-0038579,Aidan O'Connell,QB,2024,5,94,0,LV,202.27577720395877,11.274447269794255,189.2462354163454,223.19146711391215,17,108.27577720395877,
00-0038579,Aidan O'Connell,QB,2024,6,227,0,LV,202.27577720395877,11.274447269794255,189.2462354163454,223.19146711391215,17,24.724222796041232,
00-0038579,Aidan O'Connell,QB,2024,13,340,0,LV,202.27577720395877,11.274447269794255,189.2462354163454,223.19146711391215,17,137.72422279604123,
00-0038579,Aidan O'Connell,QB,2024,14,104,0,LV,202.27577720395877,11.274447269794255,189.2462354163454,223.19146711391215,17,98.27577720395877,
00-0038579,Aidan O'Connell,QB,2024,16,257,0,LV,202.27577720395877,11.274447269794255,189.2462354163454,223.19146711391215,17,54.72422279604123,
00-0038579,Aidan O'Connell,QB,2024,17,242,0,LV,202.27577720395877,11.274447269794255,189.2462354163454,223.19146711391215,17,39.72422279604123,
00-0038583,Dorian Thompson-Robinson,QB,2024,7,82,0,PHI,174.36939348475698,12.592260119895212,156.92986722933097,197.7920052460644,6,92.36939348475698,
00-0038583,Dorian Thompson-Robinson,QB,2024,16,157,0,PHI,174.36939348475698,12.592260119895212,156.92986722933097,197.7920052460644,6,17.369393484756984,
00-0038583,Dorian Thompson-Robinson,QB,2024,17,170,0,PHI,174.36939348475698,12.592260119895212,156.92986722933097,197.7920052460644,6,4.3693934847569835,
00-0038998,Jake Haener,QB,2024,8,122,0,NO,124.44464517935397,12.481549022198845,105.7751907541585,147.9117777878202,1,2.4446451793539694,
00-0039150,Bryce Young,QB,2024,0,2403,0,CAR,182.67744463216007,8.616347030965095,167.43228485436728,193.0908879352024,33,2220.32255536784,
00-0039150,Bryce Young,QB,2024,1,161,0,CAR,182.67744463216007,8.616347030965095,167.43228485436728,193.0908879352024,33,21.677444632160075,
00-0039150,Bryce Young,QB,2024,2,84,0,CAR,182.67744463216007,8.616347030965095,167.43228485436728,193.0908879352024,33,98.67744463216007,
00-0039150,Bryce Young,QB,2024,8,224,0,CAR,182.67744463216007,8.616347030965095,167.43228485436728,193.0908879352024,33,41.322555367839925,
00-0039150,Bryce Young,QB,2024,9,171,0,CAR,182.67744463216007,8.616347030965095,167.43228485436728,193.0908879352024,33,11.677444632160075,
00-0039150,Bryce Young,QB,2024,10,126,0,CAR,182.67744463216007,8.616347030965095,167.43228485436728,193.0908879352024,33,56.677444632160075,
00-0039150,Bryce Young,QB,2024,12,263,0,CAR,182.67744463216007,8.616347030965095,167.43228485436728,193.0908879352024,33,80.32255536783993,
00-0039150,Bryce Young,QB,2024,13,298,0,CAR,182.67744463216007,8.616347030965095,167.43228485436728,193.0908879352024,33,115.32255536783993,
00-0039150,Bryce Young,QB,2024,14,191,0,CAR,182.67744463216007,8.616347030965095,167.43228485436728,193.0908879352024,33,8.322555367839925,
00-0039150,Bryce Young,QB,2024,15,219,0,CAR,182.67744463216007,8.616347030965095,167.43228485436728,193.0908879352024,33,36.322555367839925,
00-0039150,Bryce Young,QB,2024,16,158,0,CAR,182.67744463216007,8.616347030965095,167.43228485436728,193.0908879352024,33,24.677444632160075,
00-0039150,Bryce Young,QB,2024,17,203,0,CAR,182.67744463216007,8.616347030965095,167.43228485436728,193.0908879352024,33,20.322555367839925,
00-0039152,Will Levis,QB,2024,0,2091,0,TEN,198.8365240633102,10.519048632521299,180.9625312196239,216.53798881120875,18,1892.1634759366898,
00-0039152,Will Levis,QB,2024,1,127,0,TEN,198.8365240633102,10.519048632521299,180.9625312196239,216.53798881120875,18,71.83652406331021,
00-0039152,Will Levis,QB,2024,2,192,0,TEN,198.8365240633102,10.519048632521299,180.9625312196239,216.53798881120875,18,6.836524063310208,
00-0039152,Will Levis,QB,2024,3,260,0,TEN,198.8365240633102,10.519048632521299,180.9625312196239,216.53798881120875,18,61.16347593668979,
00-0039152,Will Levis,QB,2024,6,95,0,TEN,198.8365240633102,10.519048632521299,180.9625312196239,216.53798881120875,18,103.83652406331021,
00-0039152,Will Levis,QB,2024,10,175,0,TEN,198.8365240633102,10.519048632521299,180.9625312196239,216.53798881120875,18,23.836524063310208,
00-0039152,Will Levis,QB,2024,11,295,0,TEN,198.8365240633102,10.519048632521299,180.9625312196239,216.53798881120875,18,96.16347593668979,
00-0039152,Will Levis,QB,2024,12,278,0,TEN,198.8365240633102,10.519048632521299,180.9625312196239,216.53798881120875,18,79.16347593668979,
00-0039152,Will Levis,QB,2024,13,212,0,TEN,198.8365240633102,10.519048632521299,180.9625312196239,216.53798881120875,18,13.163475936689792,
00-0039152,Will Levis,QB,2024,14,168,0,TEN,198.8365240633102,10.519048632521299,180.9625312196239,216.53798881120875,18,30.836524063310208,
00-0039163,C.J. Stroud,QB,2024,0,3727,0,HOU,239.24783950256955,10.065874351391608,225.31445403580057,258.0795833619463,40,3487.7521604974304,
00-0039163,C.J. Stroud,QB,2024,1,234,0,HOU,239.24783950256955,10.065874351391608,225.31445403580057,258.0795833619463,40,5.247839502569548,
00-0039163,C.J. Stroud,QB,2024,2,260,0,HOU,239.24783950256955,10.065874351391608,225.31445403580057,258.0795833619463,40,20.752160497430452,
00-0039163,C.J. Stroud,QB,2024,3,215,0,HOU,239.24783950256955,10.065874351391608,225.31445403580057,258.0795833619463,40,24.247839502569548,
00-0039163,C.J. Stroud,QB,2024,4,345,0,HOU,239.24783950256955,10.065874351391608,225.31445403580057,258.0795833619463,40,105.75216049743045,
00-0039163,C.J. Stroud,QB,2024,5,331,0,HOU,239.24783950256955,10.065874351391608,225.31445403580057,258.0795833619463,40,91.75216049743045,
00-0039163,C.J. Stroud,QB,2024,6,192,0,HOU,239.24783950256955,10.065874351391608,225.31445403580057,258.0795833619463,40,47.24783950256955,
00-0039163,C.J. Stroud,QB,2024,7,86,0,HOU,239.24783950256955,10.065874351391608,225.31445403580057,258.0795833619463,40,153.24783950256955,
00-0039163,C.J. Stroud,QB,2024,8,285,0,HOU,239.24783950256955,10.065874351391608,225.31445403580057,258.0795833619463,40,45.75216049743045,
00-0039163,C.J. Stroud,QB,2024,9,191,0,HOU,239.24783950256955,10.065874351391608,225.31445403580057,258.0795833619463,40,48.24783950256955,
00-0039163,C.J. Stroud,QB,2024,10,232,0,HOU,239.24783950256955,10.065874351391608,225.31445403580057,258.0795833619463,40,7.247839502569548,
00-0039163,C.J. Stroud,QB,2024,11,257,0,HOU,239.24783950256955,10.065874351391608,225.31445403580057,258.0795833619463,40,17.752160497430452,
00-0039163,C.J. Stroud,QB,2024,12,247,0,HOU,239.24783950256955,10.065874351391608,225.31445403580057,258.0795833619463,40,7.752160497430452,
00-0039163,C.J. Stroud,QB,2024,13,242,0,HOU,239.24783950256955,10.065874351391608,225.31445403580057,258.0795833619463,40,2.7521604974304523,
00-0039163,C.J. Stroud,QB,2024,15,131,0,HOU,239.24783950256955,10.065874351391608,225.31445403580057,258.0795833619463,40,108.24783950256955,
00-0039163,C.J. Stroud,QB,2024,16,244,0,HOU,239.24783950256955,10.065874351391608,225.31445403580057,258.0795833619463,40,4.752160497430452,
00-0039163,C.J. Stroud,QB,2024,17,185,0,HOU,239.24783950256955,10.065874351391608,225.31445403580057,258.0795833619463,40,54.24783950256955,
00-0039164,Anthony Richardson,QB,2024,0,1814,0,IND,181.49171404170337,13.425486562806924,165.18796378693898,207.357840737574,11,1632.5082859582967,
00-0039164,Anthony Richardson,QB,2024,1,212,0,IND,181.49171404170337,13.425486562806924,165.18796378693898,207.357840737574,11,30.508285958296625,
00-0039164,Anthony Richardson,QB,2024,2,204,0,IND,181.49171404170337,13.425486562806924,165.18796378693898,207.357840737574,11,22.508285958296625,
00-0039164,Anthony Richardson,QB,2024,3,167,0,IND,181.49171404170337,13.425486562806924,165.18796378693898,207.357840737574,11,14.491714041703375,
00-0039164,Anthony Richardson,QB,2024,7,129,0,IND,181.49171404170337,13.425486562806924,165.18796378693898,207.357840737574,11,52.491714041703375,
00-0039164,Anthony Richardson,QB,2024,8,175,0,IND,181.49171404170337,13.425486562806924,165.18796378693898,207.357840737574,11,6.491714041703375,
00-0039164,Anthony Richardson,QB,2024,11,272,0,IND,181.49171404170337,13.425486562806924,165.18796378693898,207.357840737574,11,90.50828595829663,
00-0039164,Anthony Richardson,QB,2024,12,172,0,IND,181.49171404170337,13.425486562806924,165.18796378693898,207.357840737574,11,9.491714041703375,
00-0039164,Anthony Richardson,QB,2024,13,109,0,IND,181.49171404170337,13.425486562806924,165.18796378693898,207.357840737574,11,72.49171404170337,
00-0039164,Anthony Richardson,QB,2024,15,172,0,IND,181.49171404170337,13.425486562806924,165.18796378693898,207.357840737574,11,9.491714041703375,
00-0039376,Spencer Rattler,QB,2024,0,1317,0,NO,201.28060917241132,10.672703020757938,182.99429911881978,219.302268577285,12,1115.7193908275888,
00-0039376,Spencer Rattler,QB,2024,6,243,0,NO,201.28060917241132,10.672703020757938,182.99429911881978,219.302268577285,12,41.71939082758868,
00-0039376,Spencer Rattler,QB,2024,7,172,0,NO,201.28060917241132,10.672703020757938,182.99429911881978,219.302268577285,12,29.280609172411317,
00-0039376,Spencer Rattler,QB,2024,8,156,0,NO,201.28060917241132,10.672703020757938,182.99429911881978,219.302268577285,12,45.28060917241132,
00-0039376,Spencer Rattler,QB,2024,15,135,0,NO,201.28060917241132,10.672703020757938,182.99429911881978,219.302268577285,12,66.28060917241132,
00-0039376,Spencer Rattler,QB,2024,16,153,0,NO,201.28060917241132,10.672703020757938,182.99429911881978,219.302268577285,12,48.28060917241132,
00-0039376,Spencer Rattler,QB,2024,17,218,0,NO,201.28060917241132,10.672703020757938,182.99429911881978,219.302268577285,12,16.719390827588683,
00-0039732,Bo Nix,QB,2024,0,3775,0,DEN,207.48540503162732,10.012415705206209,194.86421837548608,225.9127809987819,23,3567.514594968373,
00-0039732,Bo Nix,QB,2024,1,138,0,DEN,207.48540503162732,10.012415705206209,194.86421837548608,225.9127809987819,23,69.48540503162732,
00-0039732,Bo Nix,QB,2024,2,246,0,DEN,207.48540503162732,10.012415705206209,194.86421837548608,225.9127809987819,23,38.51459496837268,
00-0039732,Bo Nix,QB,2024,3,216,0,DEN,207.48540503162732,10.012415705206209,194.86421837548608,225.9127809987819,23,8.514594968372677,
00-0039732,Bo Nix,QB,2024,4,60,0,DEN,207.48540503162732,10.012415705206209,194.86421837548608,225.9127809987819,23,147.48540503162732,
00-0039732,Bo Nix,QB,2024,5,206,0,DEN,207.48540503162732,10.012415705206209,194.86421837548608,225.9127809987819,23,1.485405031627323,
00-0039732,Bo Nix,QB,2024,6,216,0,DEN,207.48540503162732,10.012415705206209,194.86421837548608,225.9127809987819,23,8.514594968372677,
00-0039732,Bo Nix,QB,2024,7,164,0,DEN,207.48540503162732,10.012415705206209,194.86421837548608,225.9127809987819,23,43.48540503162732,
00-0039732,Bo Nix,QB,2024,8,284,0,DEN,207.48540503162732,10.012415705206209,194.86421837548608,225.9127809987819,23,76.51459496837268,
00-0039732,Bo Nix,QB,2024,9,223,0,DEN,207.48540503162732,10.012415705206209,194.86421837548608,225.9127809987819,23,15.514594968372677,
00-0039732,Bo Nix,QB,2024,10,215,0,DEN,207.48540503162732,10.012415705206209,194.86421837548608,225.9127809987819,23,7.514594968372677,
00-0039732,Bo Nix,QB,2024,11,307,0,DEN,207.48540503162732,10.012415705206209,194.86421837548608,225.9127809987819,23,99.51459496837268,
00-0039732,Bo Nix,QB,2024,12,273,0,DEN,207.48540503162732,10.012415705206209,194.86421837548608,225.9127809987819,23,65.51459496837268,
00-0039732,Bo Nix,QB,2024,13,294,0,DEN,207.48540503162732,10.012415705206209,194.86421837548608,225.9127809987819,23,86.51459496837268,
00-0039732,Bo Nix,QB,2024,15,130,0,DEN,207.48540503162732,10.012415705206209,194.86421837548608,225.9127809987819,23,77.48540503162732,
00-0039732,Bo Nix,QB,2024,16,263,0,DEN,207.48540503162732,10.012415705206209,194.86421837548608,225.9127809987819,23,55.51459496837268,
00-0039732,Bo Nix,QB,2024,17,219,0,DEN,207.48540503162732,10.012415705206209,194.86421837548608,225.9127809987819,23,11.514594968372677,
00-0039851,Drake Maye,QB,2024,0,2276,0,NE,214.33109665460563,11.063342547117433,196.33492462469277,235.15902796014083,15,2061.6689033453945,
00-0039851,Drake Maye,QB,2024,6,243,0,NE,214.33109665460563,11.063342547117433,196.33492462469277,235.15902796014083,15,28.66890334539437,
00-0039851,Drake Maye,QB,2024,7,276,0,NE,214.33109665460563,11.063342547117433,196.33492462469277,235.15902796014083,15,61.66890334539437,
00-0039851,Drake Maye,QB,2024,9,206,0,NE,214.33109665460563,11.063342547117433,196.33492462469277,235.15902796014083,15,8.33109665460563,
00-0039851,Drake Maye,QB,2024,10,184,0,NE,214.33109665460563,11.063342547117433,196.33492462469277,235.15902796014083,15,30.33109665460563,
00-0039851,Drake Maye,QB,2024,11,282,0,NE,214.33109665460563,11.063342547117433,196.33492462469277,235.15902796014083,15,67.66890334539437,
00-0039851,Drake Maye,QB,2024,12,222,0,NE,214.33109665460563,11.063342547117433,196.33492462469277,235.15902796014083,15,7.668903345394369,
00-0039851,Drake Maye,QB,2024,13,238,0,NE,214.33109665460563,11.063342547117433,196.33492462469277,235.15902796014083,15,23.66890334539437,
00-0039851,Drake Maye,QB,2024,15,202,0,NE,214.33109665460563,11.063342547117433,196.33492462469277,235.15902796014083,15,12.33109665460563,
00-0039851,Drake Maye,QB,2024,16,261,0,NE,214.33109665460563,11.063342547117433,196.33492462469277,235.15902796014083,15,46.66890334539437,
00-0039851,Drake Maye,QB,2024,17,117,0,NE,214.33109665460563,11.063342547117433,196.33492462469277,235.15902796014083,15,97.33109665460563,
00-0039910,Jayden Daniels,QB,2024,0,3568,0,WAS,230.64067962093625,11.322842884630623,210.9946969031929,244.9215609757134,21,3337.359320379064,
00-0039910,Jayden Daniels,QB,2024,1,184,0,WAS,230.64067962093625,11.322842884630623,210.9946969031929,244.9215609757134,21,46.640679620936254,
00-0039910,Jayden Daniels,QB,2024,2,226,0,WAS,230.64067962093625,11.322842884630623,210.9946969031929,244.9215609757134,21,4.640679620936254,
00-0039910,Jayden Daniels,QB,2024,3,254,0,WAS,230.64067962093625,11.322842884630623,210.9946969031929,244.9215609757134,21,23.359320379063746,
00-0039910,Jayden Daniels,QB,2024,4,233,0,WAS,230.64067962093625,11.322842884630623,210.9946969031929,244.9215609757134,21,2.359320379063746,
00-0039910,Jayden Daniels,QB,2024,5,238,0,WAS,230.64067962093625,11.322842884630623,210.9946969031929,244.9215609757134,21,7.359320379063746,
00-0039910,Jayden Daniels,QB,2024,6,269,0,WAS,230.64067962093625,11.322842884630623,210.9946969031929,244.9215609757134,21,38.359320379063746,
00-0039910,Jayden Daniels,QB,2024,8,326,0,WAS,230.64067962093625,11.322842884630623,210.9946969031929,244.9215609757134,21,95.35932037906375,
00-0039910,Jayden Daniels,QB,2024,9,209,0,WAS,230.64067962093625,11.322842884630623,210.9946969031929,244.9215609757134,21,21.640679620936254,
00-0039910,Jayden Daniels,QB,2024,10,202,0,WAS,230.64067962093625,11.322842884630623,210.9946969031929,244.9215609757134,21,28.640679620936254,
00-0039910,Jayden Daniels,QB,2024,11,191,0,WAS,230.64067962093625,11.322842884630623,210.9946969031929,244.9215609757134,21,39.640679620936254,
00-0039910,Jayden Daniels,QB,2024,12,275,0,WAS,230.64067962093625,11.322842884630623,210.9946969031929,244.9215609757134,21,44.359320379063746,
00-0039910,Jayden Daniels,QB,2024,13,206,0,WAS,230.64067962093625,11.322842884630623,210.9946969031929,244.9215609757134,21,24.640679620936254,
00-0039910,Jayden Daniels,QB,2024,15,226,0,WAS,230.64067962093625,11.322842884630623,210.9946969031929,244.9215609757134,21,4.640679620936254,
00-0039910,Jayden Daniels,QB,2024,16,258,0,WAS,230.64067962093625,11.322842884630623,210.9946969031929,244.9215609757134,21,27.359320379063746,
00-0039910,Jayden Daniels,QB,2024,17,227,0,WAS,230.64067962093625,11.322842884630623,210.9946969031929,244.9215609757134,21,3.640679620936254,
00-0039917,Michael Penix Jr.,QB,2024,16,202,0,ATL,221.9837098220632,13.96987882652208,198.81445443402637,246.7133163532203,7,19.98370982206319,
00-0039917,Michael Penix Jr.,QB,2024,17,223,0,ATL,221.9837098220632,13.96987882652208,198.81445443402637,246.7133163532203,7,1.0162901779368099,
00-0039918,Caleb Williams,QB,2024,0,3541,0,CHI,204.49100721148838,8.649969605045959,190.77352661684606,220.4460513781836,21,3336.5089927885115,
00-0039918,Caleb Williams,QB,2024,1,93,0,CHI,204.49100721148838,8.649969605045959,190.77352661684606,220.4460513781836,21,111.49100721148838,
00-0039918,Caleb Williams,QB,2024,2,174,0,CHI,204.49100721148838,8.649969605045959,190.77352661684606,220.4460513781836,21,30.49100721148838,
00-0039918,Caleb Williams,QB,2024,3,363,0,CHI,204.49100721148838,8.649969605045959,190.77352661684606,220.4460513781836,21,158.50899278851162,
00-0039918,Caleb Williams,QB,2024,4,157,0,CHI,204.49100721148838,8.649969605045959,190.77352661684606,220.4460513781836,21,47.49100721148838,
00-0039918,Caleb Williams,QB,2024,5,304,0,CHI,204.49100721148838,8.649969605045959,190.77352661684606,220.4460513781836,21,99.50899278851162,
00-0039918,Caleb Williams,QB,2024,6,226,0,CHI,204.49100721148838,8.649969605045959,190.77352661684606,220.4460513781836,21,21.50899278851162,
00-0039918,Caleb Williams,QB,2024,8,131,0,CHI,204.49100721148838,8.649969605045959,190.77352661684606,220.4460513781836,21,73.49100721148838,
00-0039918,Caleb Williams,QB,2024,9,217,0,CHI,204.49100721148838,8.649969605045959,190.77352661684606,220.4460513781836,21,12.50899278851162,
00-0039918,Caleb Williams,QB,2024,10,120,0,CHI,204.49100721148838,8.649969605045959,190.77352661684606,220.4460513781836,21,84.49100721148838,
00-0039918,Caleb Williams,QB,2024,11,231,0,CHI,204.49100721148838,8.649969605045959,190.77352661684606,220.4460513781836,21,26.50899278851162,
00-0039918,Caleb Williams,QB,2024,12,340,0,CHI,204.49100721148838,8.649969605045959,190.77352661684606,220.4460513781836,21,135.50899278851162,
00-0039918,Caleb Williams,QB,2024,13,256,0,CHI,204.49100721148838,8.649969605045959,190.77352661684606,220.4460513781836,21,51.50899278851162,
00-0039918,Caleb Williams,QB,2024,14,134,0,CHI,204.49100721148838,8.649969605045959,190.77352661684606,220.4460513781836,21,70.49100721148838,
00-0039918,Caleb Williams,QB,2024,15,191,0,CHI,204.49100721148838,8.649969605045959,190.77352661684606,220.4460513781836,21,13.49100721148838,
00-0039918,Caleb Williams,QB,2024,16,334,0,CHI,204.49100721148838,8.649969605045959,190.77352661684606,220.4460513781836,21,129.50899278851162,
00-0039918,Caleb Williams,QB,2024,17,122,0,CHI,204.49100721148838,8.649969605045959,190.77352661684606,220.4460513781836,21,82.49100721148838,
